{"Name": "FloorLamps_Oe4c82ba7af6_lod0", "Source": "B073P25SYK", "Timestamp": 1595342118, "BoundingBox": {"MinPoint": {"x": -0.46133238077163696, "y": -0.7619957327842712, "z": 5.511500421562232e-05}, "MaxPoint": {"x": 0.4903051257133484, "y": 0.16194142401218414, "z": 1.9500101804733276}}, "Type": "floor-lamps", "Category": "floor-lamps", "Width": 0.9516375064849854, "Length": 0.9239371567964554, "Orientation": 4.71238898038469}