{"Name": "Ottomans_Oe0e3f5670b60_lod0", "Source": "B072PZC1PM", "Timestamp": 1594394097, "BoundingBox": {"MinPoint": {"x": -0.7989247441291809, "y": -0.3154168725013733, "z": -3.2086909413919784e-06}, "MaxPoint": {"x": 0.7989247441291809, "y": 0.31548815965652466, "z": 0.3840559720993042}}, "Type": "ottomans", "Category": "ottomans", "Width": 1.5978494882583618, "Length": 0.630905032157898, "Orientation": 4.71238898038469}