{"Name": "StandingShelfUnits_Oa35498354022_lod0", "Source": "B07QC876WJ", "Timestamp": 1595343001, "BoundingBox": {"MinPoint": {"x": -0.436879962682724, "y": -0.19303999841213226, "z": 2.315376335104702e-08}, "MaxPoint": {"x": 0.436879962682724, "y": 0.19303999841213226, "z": 1.803399920463562}}, "Type": "standing-shelf-units", "Category": "standing-shelf-units", "Width": 0.873759925365448, "Length": 0.3860799968242645, "Orientation": 4.71238898038469}