{"Name": "Sofas_O253f3cd2a220_lod0", "Source": "B075X4QMX3", "Timestamp": 1595342211, "BoundingBox": {"MinPoint": {"x": -1.1010029315948486, "y": -0.4555750787258148, "z": -4.137803443882149e-06}, "MaxPoint": {"x": 1.0977485179901123, "y": 0.4454379379749298, "z": 0.9103603363037109}}, "Type": "sofas", "Category": "sofas", "Width": 2.198751449584961, "Length": 0.9010130167007446, "Orientation": 4.71238898038469}