{"Name": "Sideboards_O42fc94e60381_lod0", "Source": "B07B78G1BW", "Timestamp": 1594396211, "BoundingBox": {"MinPoint": {"x": -0.6889904737472534, "y": -0.2595440745353699, "z": 2.7867995910924037e-08}, "MaxPoint": {"x": 0.6821881532669067, "y": 0.21790675818920135, "z": 0.8026719093322754}}, "Type": "sideboards", "Category": "sideboards", "Width": 1.3711786270141602, "Length": 0.47745083272457123, "Orientation": 4.71238898038469}