{"Name": "FloorLamps_Occ4b77538a7e_lod0", "Source": "B07374K536", "Timestamp": 1594395475, "BoundingBox": {"MinPoint": {"x": -0.11758801341056824, "y": -0.3909975290298462, "z": -6.97172581567429e-05}, "MaxPoint": {"x": 0.11754366755485535, "y": 0.22724927961826324, "z": 1.6287912130355835}}, "Type": "floor-lamps", "Category": "floor-lamps", "Width": 0.23513168096542358, "Length": 0.6182468086481094, "Orientation": 4.71238898038469}