{"Name": "DiningTables_O8655cfdbca28_lod0", "Source": "B075Z9QB7N", "Timestamp": 1594394962, "BoundingBox": {"MinPoint": {"x": -0.44243839383125305, "y": -0.44243308901786804, "z": -5.884322490601335e-06}, "MaxPoint": {"x": 0.4424402415752411, "y": 0.44243302941322327, "z": 0.6579542756080627}}, "Type": "dining-tables", "Category": "dining-tables", "Width": 0.8848786354064941, "Length": 0.8848661184310913, "Orientation": 4.71238898038469}