{"Name": "SofaTables_O1c292176b101_lod0", "Source": "B07QB8FYS9", "Timestamp": 1594393930, "BoundingBox": {"MinPoint": {"x": -0.2500988841056824, "y": -0.2500372529029846, "z": -3.1681182122156315e-08}, "MaxPoint": {"x": 0.2500988841056824, "y": 0.25003716349601746, "z": 0.5647274255752563}}, "Type": "sofa-tables", "Category": "sofa-tables", "Width": 0.5001977682113647, "Length": 0.5000744163990021, "Orientation": 4.71238898038469}