{"Name": "ServingCarts_Off3d92b2f4b7_lod0", "Source": "B07HSJVTHP", "Timestamp": 1594397767, "BoundingBox": {"MinPoint": {"x": -0.2574475109577179, "y": -0.15645700693130493, "z": -3.077384099015035e-05}, "MaxPoint": {"x": 0.25744345784187317, "y": 0.1563945859670639, "z": 0.8840698003768921}}, "Type": "serving-carts", "Category": "serving-carts", "Width": 0.5148909687995911, "Length": 0.31285159289836884, "Orientation": 4.71238898038469}