{"Name": "Nightstands_O14c5f5d1199b_lod0", "Source": "B075X38PZ7", "Timestamp": 1594393456, "BoundingBox": {"MinPoint": {"x": -0.29270195960998535, "y": -0.24123737215995789, "z": 2.455618464125564e-08}, "MaxPoint": {"x": 0.29296672344207764, "y": 0.22003531455993652, "z": 0.5968121886253357}}, "Type": "nightstands", "Category": "nightstands", "Width": 0.585668683052063, "Length": 0.4612726867198944, "Orientation": 4.71238898038469}