{
  "Name": "Fridge_eeb632244952_lod0",
  "Source": "11_Fridge",
  "Timestamp": 1592570890,
  "BoundingBox": {
    "MinPoint": {
      "x": -0.3253720700740814,
      "y": -0.36314499378204346,
      "z": -2.441409776565706e-07
    },
    "MaxPoint": {
      "x": 0.32537391781806946,
      "y": 0.28696268796920776,
      "z": 1.8348069190979004
    }
  },
  "Type": "fridges",
  "Category": "fridges",
  "Width": 0.6507459878921509,
  "Length": 0.6501076817512512,
  "Orientation": 4.71238898038469
}