{"Name": "Barstools_Oa4fba5f9c131_lod0", "Source": "B07QCQ3D7F", "Timestamp": 1595343081, "BoundingBox": {"MinPoint": {"x": -0.24453644454479218, "y": -0.24511000514030457, "z": -2.5642901135825014e-08}, "MaxPoint": {"x": 0.24510999023914337, "y": 0.24517032504081726, "z": 0.9597741961479187}}, "Type": "barstools", "Category": "barstools", "Width": 0.48964643478393555, "Length": 0.4902803301811218, "Orientation": 4.71238898038469}