{"Name": "AudioVideoMediaCabinets_O6f5c7038fb64_lod0", "Source": "B07QF9QCYS", "Timestamp": 1594398572, "BoundingBox": {"MinPoint": {"x": -0.49482983350753784, "y": -0.2019483745098114, "z": 0.00018366369477007538}, "MaxPoint": {"x": 0.4944658875465393, "y": 0.20184743404388428, "z": 0.6592861413955688}}, "Type": "audio-video-media-cabinets", "Category": "audio-video-media-cabinets", "Width": 0.9892957210540771, "Length": 0.4037958085536957, "Orientation": 4.71238898038469}