{"Name": "Bookcases_Oea630f7d6252_lod0", "Source": "B074KLN3HX", "Timestamp": 1595949333, "BoundingBox": {"MinPoint": {"x": -0.284373939037323, "y": -0.225039541721344, "z": 3.228746572858654e-05}, "MaxPoint": {"x": 0.2805700898170471, "y": 0.20971453189849854, "z": 1.827551007270813}}, "Type": "bookcases", "Category": "bookcases", "Width": 0.5649440288543701, "Length": 0.43475407361984253, "Orientation": 4.71238898038469}