{
  "Name": "Toilet_37fa78cd7dc4_lod0",
  "Source": "08_Toilet",
  "Timestamp": 1592570894,
  "BoundingBox": {
    "MinPoint": {
      "x": -0.2210157960653305,
      "y": -0.20465479791164398,
      "z": -3.708029928113345e-16
    },
    "MaxPoint": {
      "x": 0.37929609417915344,
      "y": 0.20465479791164398,
      "z": 0.45638319849967957
    }
  },
  "Type": "toilets",
  "Category": "toilets",
  "Width": 0.600311890244484,
  "Length": 0.40930959582328796,
  "Orientation": 0
}