{"Name": "FloorLamps_O79dd699fb3bb_lod0", "Source": "B07B4YXR7D", "Timestamp": 1594395710, "BoundingBox": {"MinPoint": {"x": -0.12687988579273224, "y": -0.3555580675601959, "z": 7.386216748273e-05}, "MaxPoint": {"x": 0.12679137289524078, "y": 0.3554256856441498, "z": 1.587525725364685}}, "Type": "floor-lamps", "Category": "floor-lamps", "Width": 0.253671258687973, "Length": 0.7109837532043457, "Orientation": 4.71238898038469}