{"Name": "Cabinets_O360d998c89e3_lod0", "Source": "B072ZK8897", "Timestamp": 1595342034, "BoundingBox": {"MinPoint": {"x": -0.2952028512954712, "y": -0.18644551932811737, "z": -4.123484541196376e-05}, "MaxPoint": {"x": 0.29514384269714355, "y": 0.15712042152881622, "z": 0.7711969614028931}}, "Type": "cabinets", "Category": "cabinets", "Width": 0.5903466939926147, "Length": 0.3435659408569336, "Orientation": 4.71238898038469}