{
  "Name": "Oven_a94deec47786_lod0",
  "Source": "09_Oven",
  "Timestamp": 1592570891,
  "BoundingBox": {
    "MinPoint": {
      "x": -0.4611683785915375,
      "y": -0.30077117681503296,
      "z": -0.00024041740107350051
    },
    "MaxPoint": {
      "x": 0.1757970005273819,
      "y": 0.30075711011886597,
      "z": 0.8430098295211792
    }
  },
  "Type": "stoves",
  "Category": "stoves",
  "Width": 0.6369653791189194,
  "Length": 0.6015282869338989,
  "Orientation": 0
}